,name,grade,taxStatus,programPerc,totExpense,cost100,totContribution,govFunding,topRated,governance,transparency,transA,transB,govA,govB,govC,govD,govE,govF,govG,govH,govI,privacy,salary,nSalary
0,Trust for Public Land,A,501(c)3,82%,155000000,$14,99000000,0% to 24%,1,1,1,1,1,1,1,1,1,1,1,1,1,1,1,1050313,3
1,Earth Island Institute,A,501(c)3,88%,15000000,$5,14000000,0% to 24%,1,1,1,1,1,1,1,1,1,1,1,1,1,1,1,443533,3
2,350.org,A-,501(c)3,78%,25000000,$6,15000000,0% to 24%,1,1,1,1,1,1,1,1,1,1,1,1,1,1,1,406473,3
3,Youth Development Fund (DISSOLVED),F,501(c)3,7%,500000,$85,400000,0% to 24%,0,0,0,1,0,0,1,1,1,1,1,0,0,0,0,0,0
4,Asian American Legal Defense & Education Fund,A-,501(c)3,79%,1600000,$6,2600000,0% to 24%,1,1,1,1,1,1,1,1,1,1,1,1,1,1,0,126442,1
5,American Brain Tumor Association,B+,501(c)3,71%,5800000,$15,6100000,0% to 24%,1,1,1,1,1,1,1,1,1,1,1,1,1,1,0,570178,3
6,Alaska Conservation Foundation,A-,501(c)3,75%,2500000,$9,2200000,0% to 24%,1,1,1,1,1,1,1,1,1,1,1,1,1,1,1,119701,1
7,Christian Advocates Serving Evangelism,B,501(c)3,71%,51000000,$27,51000000,0% to 24%,0,0,0,0,0,1,1,1,1,1,1,1,0,1,0,1086540,3
8,American Civil Liberties Union (ACLU),A,501(c)4,86%,144000000,$8,138000000,0% to 24%,1,1,1,1,1,1,1,1,1,1,1,1,1,1,0,1925082,3
9,American Civil Liberties Union (ACLU) Foundation,A,501(c)3,82%,140000000,$9,176000000,0% to 24%,1,1,1,1,1,1,1,1,1,1,1,1,1,1,0,1925082,3
10,Amazon Conservation Team,A,501(c)3,77%,6500000,$4,5700000,0% to 24%,1,1,1,1,1,1,1,1,1,1,1,1,1,1,1,439162,3
11,Action Against Hunger-USA,A+,501(c)3,90%,106000000,$3,76000000,25% to 49%,1,1,1,1,1,1,1,1,1,1,1,1,1,1,0,627233,3
12,Anti-Defamation League & Foundation,B+,501(c)3,72%,78000000,$15,73000000,0% to 24%,1,1,1,1,1,1,1,1,1,1,1,1,1,1,0,1643903,3
13,Aid for Starving Children,D,501(c)3,44%,11000000,$46,11000000,0% to 24%,0,0,0,0,0,1,1,1,1,1,1,0,1,1,0,0,0
14,African Wildlife Foundation,B+,501(c)3,78%,28000000,$20,25000000,0% to 24%,1,1,1,1,1,1,1,1,1,1,1,1,1,1,1,841711,3
15,American Foundation for Suicide Prevention,A,501(c)3,82%,30000000,$10,39000000,0% to 24%,1,1,1,1,1,1,1,1,1,1,1,1,1,1,1,1229149,3
16,Foundation for AIDS Research (amfAR),B+,501(c)3,74%,35000000,$26,23000000,0% to 24%,1,1,1,1,1,1,1,1,1,1,1,1,1,1,1,1191104,3
17,American Jewish Committee (AJC),B+,501(c)3,73%,58000000,$14,64000000,0% to 24%,1,1,1,1,1,1,1,1,1,1,1,1,1,1,1,1549976,3
18,American Jewish World Service,A-,501(c)3,78%,42000000,$15,43000000,0% to 24%,1,1,1,1,1,1,1,1,1,1,1,1,1,1,1,1118692,3
19,Alight,A,501(c)3,85%,68000000,$7,36000000,25% to 49%,1,1,1,1,1,1,1,1,1,1,1,1,1,1,1,810501,3
20,All Hands and Hearts,A+,501(c)3,96%,14000000,$1,22000000,0% to 24%,1,1,1,1,1,1,1,1,1,1,1,1,1,1,1,238768,2
21,Lupus Research Alliance,A,501(c)3,80%,28000000,$14,24000000,0% to 24%,1,1,1,1,1,1,1,1,1,1,1,1,1,1,0,893629,3
22,American Leprosy Missions,C-,501(c)3,56%,9400000,$47,6600000,0% to 24%,0,1,1,1,1,1,1,1,1,1,1,1,1,1,1,471223,3
23,Alzheimer's Association,B+,501(c)3,74%,386000000,$24,340000000,0% to 24%,1,1,1,1,1,1,1,1,1,1,1,1,1,1,0,2240488,3
24,Appalachian Mountain Club,A,,85%,32000000,$14,14000000,0% to 24%,1,1,1,1,1,1,1,1,1,1,1,1,1,1,1,710378,3
25,Comic Relief,A+,501(c)3,90%,92000000,$8,94000000,0% to 24%,1,1,1,1,1,1,1,1,1,1,1,1,1,1,0,712204,3
26,Semper Fi & America's Fund,A+,501(c)3,91%,34000000,$3,39000000,0% to 24%,1,1,1,1,1,1,1,1,1,1,1,1,1,1,1,459631,3
27,Guide Dog Foundation for the Blind,A,501(c)3,80%,14000000,$9,17000000,0% to 24%,1,1,1,1,1,1,1,1,1,1,1,1,1,1,1,680960,3
28,United Cancer Support Foundation,F,501(c)3,9%,2900000,$89,2900000,0% to 24%,0,1,0,0,0,1,1,1,1,1,1,1,1,1,0,0,0
29,American Bird Conservancy,A,501(c)3,81%,13000000,$8,13000000,25% to 49%,1,1,1,1,1,1,1,1,1,1,1,1,1,1,0,493407,3
30,Help the Vets (DISSOLVED),F,501(c)3,6%,2100000,$89,2100000,0% to 24%,0,0,0,0,0,1,1,0,0,1,1,1,1,0,0,142415,1
31,American Forests,A-,501(c)3,81%,11000000,$16,10000000,0% to 24%,1,1,1,1,1,1,1,1,1,1,1,1,1,1,1,646664,3
32,American Friends Service Committee,A,501(c)3,80%,36000000,$15,29000000,0% to 24%,1,1,1,1,1,1,1,1,1,1,1,1,1,1,0,512777,3
33,Circle of Friends for American Veterans (DISSOLVED),F,501(c)3,9%,1300000,$89,1200000,0% to 24%,0,0,0,0,0,1,1,1,1,1,1,0,1,1,0,190000,1
34,American Humane,A,501(c)3,83%,16000000,$14,12000000,0% to 24%,1,1,1,1,1,1,1,1,1,1,1,1,1,1,1,1003877,3
35,American Indian College Fund,B+,501(c)3,73%,28000000,$13,47000000,0% to 24%,1,1,1,1,1,1,1,1,1,1,1,1,1,1,1,747075,3
36,American Jewish Joint Distribution Committee,A,501(c)3,89%,328000000,$5,309000000,0% to 24%,1,1,1,1,1,1,1,1,1,1,1,1,1,1,1,1719594,3
37,American Kidney Fund,A+,501(c)3,97%,285000000,$2,291000000,0% to 24%,1,1,1,1,1,1,1,1,1,1,1,1,1,1,1,1267833,3
38,American Liver Foundation,A,501(c)3,80%,9300000,$11,9100000,0% to 24%,1,1,1,1,1,1,1,1,1,1,1,1,1,1,1,677950,3
39,American Lung Association,A-,501(c)3,80%,102000000,$26,67000000,0% to 24%,1,1,1,1,1,1,1,1,1,1,1,1,1,1,0,1131035,3
40,American Red Cross,A-,501(c)3,90%,2926000000,$24,749000000,0% to 24%,1,1,1,1,1,1,1,1,1,1,1,1,1,1,1,2060817,3
41,American Near East Refugee Aid (ANERA),A,501(c)3,85%,25000000,$9,14000000,25% to 49%,1,1,1,1,1,1,1,1,1,1,1,1,1,1,1,621426,3
42,Disabled Police and Sheriffs Foundation (DISSOLVED),F,501(c)3,5%,3200000,$91,3300000,0% to 24%,0,1,0,0,0,1,1,1,1,1,1,1,1,1,0,0,0
43,American Rivers,A-,501(c)3,81%,24000000,$23,12000000,25% to 49%,1,1,1,1,1,1,1,1,1,1,1,1,1,1,1,628203,3
44,Center for American Homeless Veterans (DISSOLVED),F,501(c)4,4%,3400000,$90,3500000,0% to 24%,0,0,0,0,0,1,1,1,1,1,1,0,0,1,0,127673,1
45,National Vietnam Veterans Foundation (DISSOLVED),F,501(c)3,7%,8600000,$89,8700000,0% to 24%,0,0,0,0,0,1,1,1,1,1,1,0,1,1,0,0,0
46,Born Free USA united with Animal Protection Institute,A-,501(c)3,76%,2400000,$19,2200000,0% to 24%,1,1,1,1,1,1,1,1,1,1,1,1,1,1,1,134475,1
47,Animal Welfare Institute,A+,501(c)3,91%,3600000,$1,4400000,0% to 24%,1,1,1,1,1,1,1,1,1,1,1,1,1,1,1,125992,1
48,Arc of the United States (National Office),A-,501(c)3,83%,9400000,$25,3700000,0% to 24%,1,1,1,1,1,1,1,1,1,1,1,1,1,1,1,974909,3
49,Intrepid Fallen Heroes Fund,A+,501(c)3,92%,11000000,$5,7900000,0% to 24%,1,1,1,1,1,1,1,1,1,1,1,1,1,1,1,312455,2
50,Armed Services YMCA of the USA,A,501(c)3,81%,19000000,$14,6700000,0% to 24%,1,1,1,1,1,1,1,1,1,1,1,1,1,1,1,739208,3
51,Arthritis Foundation,B+,501(c)3,72%,79000000,$23,63000000,0% to 24%,1,1,1,1,1,1,1,1,1,1,1,1,1,1,1,1298368,3
52,Asia Foundation,A,501(c)3,87%,96000000,$1,53000000,25% to 49%,1,1,1,1,1,1,1,1,1,1,1,1,1,1,1,1034626,3
53,Asia Society,B+,501(c)3,70%,31000000,$12,25000000,0% to 24%,1,1,1,1,1,1,1,1,1,1,1,1,1,1,0,2389324,3
54,Reserve Police Officers Association (DISSOLVED),F,501(c)6,6%,800000,$91,800000,0% to 24%,0,0,0,0,0,0,0,0,0,1,0,0,1,1,0,0,0
55,Astraea Lesbian Foundation for Justice,A,501(c)3,86%,10000000,$9,11000000,0% to 24%,1,1,1,1,1,1,1,1,1,1,1,1,1,1,0,479784,3
56,Autism Spectrum Disorder Foundation,F,501(c)3,17%,2300000,$85,2200000,0% to 24%,0,0,0,0,0,1,1,1,1,1,1,0,0,1,0,182000,1
57,Autism Society of America (National Office) & Foundation,A-,501(c)3,82%,2800000,$16,2000000,0% to 24%,1,1,1,1,1,1,1,1,1,1,1,1,1,1,1,608498,3
58,Physicians Committee for Responsible Medicine,B+,501(c)3,73%,14000000,$25,12000000,0% to 24%,1,1,1,1,1,1,1,1,1,1,1,1,1,1,1,211458,2
59,Bat Conservation International,B+,501(c)3,75%,5300000,$26,2700000,25% to 49%,1,1,1,1,1,1,1,1,1,1,1,1,1,1,1,482864,3
60,Breast Cancer Research Foundation,A,501(c)3,88%,77000000,$9,79000000,0% to 24%,1,1,1,1,1,1,1,1,1,1,1,1,1,1,1,1455117,3
61,City of Hope & Affiliates,A-,501(c)3,78%,1761000000,$18,176000000,0% to 24%,1,1,1,1,1,1,1,1,1,1,1,1,1,1,0,5272108,3
62,Bend the Arc - A Jewish Partnership for Justice,A-,501(c)3,77%,3700000,$10,5000000,0% to 24%,1,1,1,1,1,1,1,1,1,1,1,1,1,1,0,524360,3
63,Best Friends Animal Society,B+,501(c)3,72%,88000000,$16,103000000,0% to 24%,1,1,1,1,1,1,1,1,1,1,1,1,1,1,1,643309,3
64,Big Brothers/Big Sisters of America (National Office),A+,501(c)3,91%,22000000,$7,16000000,25% to 49%,1,1,1,1,1,1,1,1,1,1,1,1,1,1,1,903386,3
65,Clinton Foundation,A-,501(c)3,75%,47000000,$15,19000000,0% to 24%,1,1,1,1,1,1,1,1,1,1,1,1,1,1,1,1042363,3
66,National Federation of the Blind,A,501(c)3,86%,18000000,$12,16000000,0% to 24%,1,1,1,1,1,1,1,1,1,1,1,1,1,1,1,415774,3
67,Bob Woodruff Family Foundation,A,501(c)3,82%,12000000,$6,20000000,0% to 24%,1,1,1,1,1,1,1,1,1,1,1,1,1,1,1,931924,3
68,Bowery Residents' Committee (BRC),A,501(c)3,90%,80000000,$15,5100000,50% to 100%,1,1,1,1,1,1,1,1,1,1,1,1,1,1,1,962974,3
69,Boys & Girls Clubs of America (National Office),A-,501(c)3,82%,156000000,$19,99000000,0% to 24%,1,1,1,1,1,1,1,1,1,1,1,1,1,1,1,1876530,3
70,Brain & Behavior Research Foundation,A,501(c)3,87%,19000000,$5,18000000,0% to 24%,1,1,1,1,1,1,1,1,1,1,1,1,1,1,0,1110019,3
71,Bread for the World Institute,A,501(c)3,87%,8200000,$12,6300000,0% to 24%,1,1,1,1,1,1,1,1,1,1,1,1,1,1,0,705494,3
72,Breast Cancer Charities of America,F,501(c)3,34%,2500000,$67,2200000,0% to 24%,0,1,0,0,0,1,1,1,1,1,1,1,1,1,0,148292,1
73,National Breast Cancer Coalition Fund,A,501(c)3,83%,3200000,$15,2400000,0% to 24%,1,1,1,1,1,1,1,1,1,1,1,1,1,1,1,554753,3
74,Cancer Fund of America (DISSOLVED),F,501(c)3,13%,11000000,$80,10000000,0% to 24%,0,0,0,0,0,1,1,1,1,1,1,0,1,1,0,525908,3
75,National Cancer Coalition (DISSOLVED),F,501(c)3,3%,2100000,$85,2200000,0% to 24%,0,0,0,1,0,1,1,1,1,1,1,0,0,1,0,0,0
76,Community Charity Advancement (DISSOLVED),F,501(c)3,8%,8500000,$87,8500000,0% to 24%,0,0,0,0,0,0,0,1,1,1,1,1,0,1,1,0,0
77,Breast Cancer Society (DISSOLVED),F,501(c)3,11%,17000000,$84,17000000,0% to 24%,0,0,0,0,0,1,1,1,1,1,1,0,1,1,0,426312,2
78,Coalition for the Homeless,A-,501(c)3,84%,12000000,$17,6600000,25% to 49%,1,1,1,1,1,1,1,1,1,1,1,1,1,1,1,777988,3
79,Central Asia Institute,A-,501(c)3,76%,3200000,$14,2300000,0% to 24%,1,1,1,1,1,1,1,1,1,1,1,1,1,1,1,175636,1
80,Cancer Recovery Foundation International,F,501(c)3,5%,7000000,$89,7100000,0% to 24%,0,0,0,1,0,1,1,1,1,1,1,0,0,1,0,372238,2
81,Prevent Cancer Foundation,B+,501(c)3,73%,6900000,$17,6900000,0% to 24%,1,1,1,1,1,1,1,1,1,1,1,1,1,1,1,723098,3
82,Cancer Research Institute,A,501(c)3,84%,31000000,$15,24000000,0% to 24%,1,1,1,1,1,1,1,1,1,1,1,1,1,1,1,1107631,3
83,CARE USA,A,501(c)3,90%,582000000,$13,238000000,25% to 49%,1,1,1,1,1,1,1,1,1,1,1,1,1,1,1,1128486,3
84,Catholic Relief Services,A+,501(c)3,91%,773000000,$10,351000000,50% to 100%,1,1,1,1,1,1,1,1,1,1,1,1,1,1,1,1110240,3
85,Children's Cancer Recovery Foundation,F,501(c)3,14%,4600000,$69,4300000,0% to 24%,0,1,0,0,0,1,1,1,1,1,1,1,1,1,0,0,0
86,CEDARS,A,501(c)3,90%,14000000,$14,2500000,50% to 100%,1,1,1,1,1,1,1,1,1,1,1,1,1,1,1,332777,2
87,Center for Biological Diversity,A,501(c)3,84%,18000000,$9,19000000,0% to 24%,1,1,1,1,1,1,1,1,1,1,1,1,1,1,1,864362,3
88,Mission Continues,A,501(c)3,85%,12000000,$8,13000000,0% to 24%,1,1,1,1,1,1,1,1,1,1,1,1,1,1,1,699980,3
89,Center for Community Change Action,A+,501(c)4,93%,9000000,$2,8300000,0% to 24%,1,1,1,1,1,1,1,1,1,1,1,1,1,1,0,0,0
90,Center for Constitutional Rights,A-,501(c)3,79%,11000000,$13,11000000,0% to 24%,1,1,1,1,1,1,1,1,1,1,1,1,1,1,0,718908,3
91,Center for Reproductive Rights,B+,501(c)3,74%,34000000,$17,33000000,0% to 24%,1,1,1,1,1,1,1,1,1,1,1,1,1,1,0,1251670,3
92,Center for Victims of Torture,B+,501(c)3,76%,23000000,$24,6600000,50% to 100%,1,1,1,1,1,1,1,1,1,1,1,1,1,1,1,636435,3
93,Partnership to End Addiction,A,501(c)3,83%,7400000,$11,6300000,0% to 24%,1,1,1,1,1,1,1,1,1,1,1,1,1,1,1,559263,3
94,charity: water,A,501(c)3,80%,47000000,$10,49000000,0% to 24%,1,1,1,1,1,1,1,1,1,1,1,1,1,1,1,826434,3
95,Entertainment Industry Foundation / Stand Up To Cancer,A,501(c)3,82%,73000000,$9,57000000,0% to 24%,1,1,1,1,1,1,1,1,1,1,1,1,1,1,0,1135983,3
96,Child Find of America,A+,501(c)3,92%,500000,$3,300000,0% to 24%,1,1,1,1,1,1,1,1,1,1,1,1,1,1,1,0,0
97,ChildFund International,A-,501(c)3,78%,187000000,$19,124000000,0% to 24%,1,1,1,1,1,1,1,1,1,1,1,1,1,1,1,932277,3
98,Children Incorporated,A,501(c)3,86%,3600000,$7,3600000,0% to 24%,1,1,1,1,1,1,1,1,1,1,1,1,1,1,1,0,0
99,Children International,A-,501(c)3,77%,76000000,$13,79000000,0% to 24%,1,1,1,1,1,1,1,1,1,1,1,1,1,1,1,1072539,3
100,Children's Cancer Fund of America (DISSOLVED),F,501(c)3,11%,6500000,$85,6400000,0% to 24%,0,0,0,0,0,1,1,1,1,1,1,1,1,1,0,231672,1
101,Children's Defense Fund,A,501(c)3,80%,20000000,$14,12000000,0% to 24%,1,1,1,1,1,1,1,1,1,1,1,1,1,1,1,562523,3
102,Children's Health Fund,A-,501(c)3,79%,13000000,$11,12000000,0% to 24%,1,1,1,1,1,1,1,1,1,1,1,1,1,1,1,785791,3
103,Children's Leukemia Research Association,F,501(c)3,20%,2400000,$76,2500000,0% to 24%,0,0,0,0,0,1,1,1,1,1,1,1,0,0,0,0,0
104,Helen Keller International,A,501(c)3,85%,84000000,$7,29000000,50% to 100%,1,1,1,1,1,1,1,1,1,1,1,1,1,1,1,983695,3
105,Unbound,A+,501(c)3,93%,128000000,$4,133000000,0% to 24%,1,1,1,1,1,1,1,1,1,1,1,1,1,1,1,541956,3
106,Christopher & Dana Reeve Foundation,A-,501(c)3,83%,11000000,$24,5900000,50% to 100%,1,1,1,1,1,1,1,1,1,1,1,1,1,1,1,761246,3
107,Church World Service (CWS),A-,501(c)3,88%,73000000,$20,27000000,50% to 100%,1,1,1,1,1,1,1,1,1,1,1,1,1,1,0,759476,3
108,City Harvest,A-,501(c)3,75%,41000000,$12,76000000,0% to 24%,1,1,1,1,1,1,1,1,1,1,1,1,1,1,1,1118284,3
109,NAACP Legal Defense and Educational Fund,B+,501(c)3,70%,23000000,$14,34000000,0% to 24%,1,1,1,1,1,1,1,1,1,1,1,1,1,1,0,986580,3
110,Committee to Protect Journalists,B+,501(c)3,73%,9300000,$18,10000000,0% to 24%,1,1,1,1,1,1,1,1,1,1,1,1,1,1,1,730316,3
111,Common Cause Education Fund,A,501(c)3,84%,7200000,$6,9300000,0% to 24%,1,1,1,1,1,1,1,1,1,1,1,1,1,1,1,745164,3
112,Compassion & Choices,A-,501(c)3,76%,16000000,$12,19000000,0% to 24%,1,1,1,1,1,1,1,1,1,1,1,1,1,1,1,679266,3
113,Compassion International,A,501(c)3,82%,862000000,$14,663000000,0% to 24%,1,1,1,1,1,1,1,1,1,1,1,1,1,1,1,1022683,3
114,Concerns of Police Survivors (COPS),A+,501(c)3,90%,4700000,$7,3100000,25% to 49%,1,1,1,1,1,1,1,1,1,1,1,1,1,1,0,167269,1
115,Conservation Fund,A+,501(c)3,95%,129000000,$4,68000000,0% to 24%,1,1,1,1,1,1,1,1,1,1,1,1,1,1,1,1325298,3
116,Conservation International Foundation,A,501(c)3,84%,153000000,$9,114000000,0% to 24%,1,1,1,1,1,1,1,1,1,1,1,1,1,1,1,1516001,3
117,Covenant House & Affiliates,A-,Multiple,77%,168000000,$17,127000000,0% to 24%,1,1,1,1,1,1,1,1,1,1,1,1,1,1,1,907050,3
118,Crohn's & Colitis Foundation,A,501(c)3,81%,76000000,$7,71000000,0% to 24%,1,1,1,1,1,1,1,1,1,1,1,1,1,1,0,1118627,3
119,Hearing Health Foundation,A+,501(c)3,91%,2200000,$7,1800000,0% to 24%,1,1,1,1,1,1,1,1,1,1,1,1,1,1,1,233000,1
120,Death with Dignity National Center,A-,501(c)3,78%,1100000,$9,1400000,0% to 24%,1,1,1,1,1,1,1,1,1,1,1,1,1,1,1,127985,1
121,Defenders of Wildlife,B+,501(c)3,71%,31000000,$12,37000000,0% to 24%,1,1,1,1,1,1,1,1,1,1,1,1,1,1,1,960832,3
122,Diabetes Action Research and Education Foundation,A+,501(c)3,93%,800000,$2,800000,0% to 24%,1,1,1,1,1,1,1,1,1,1,1,1,1,1,1,0,0
123,Dian Fossey Gorilla Fund International,A,501(c)3,84%,3400000,$3,13000000,0% to 24%,1,1,1,1,1,1,1,1,1,1,1,1,1,1,1,330245,2
124,Direct Relief & Direct Relief Foundation,A,501(c)3,82%,41000000,$2,94000000,0% to 24%,1,1,1,1,1,1,1,1,1,1,1,1,1,1,1,1066532,3
125,Disabled Police Officers of America (DISSOLVED),F,501(c)3,7%,1100000,$81,1200000,0% to 24%,0,0,0,0,0,0,0,0,1,1,0,1,1,1,0,0,0
126,Disabled Veterans Services (DISSOLVED),F,501(c)3,8%,3500000,$86,3500000,0% to 24%,0,0,0,0,0,0,0,1,1,0,1,1,0,1,0,0,0
127,Doctors Without Borders USA,A,501(c)3,89%,420000000,$10,372000000,0% to 24%,1,1,1,1,1,1,1,1,1,1,1,1,1,1,1,681904,3
128,Scholarship America,A+,501(c)3,95%,121000000,$2,105000000,0% to 24%,1,1,1,1,1,1,1,1,1,1,1,1,1,1,1,798763,3
129,DonorsChoose.org,A+,501(c)3,94%,138000000,$5,150000000,0% to 24%,1,1,1,1,1,1,1,1,1,1,1,1,1,1,1,928460,3
130,Dreamchaser PMU Horse Rescue & Rehabilitation,F,501(c)3,27%,1300000,$71,1200000,0% to 24%,0,0,0,0,0,0,0,0,0,0,1,1,0,1,0,0,0
131,Earthjustice,A-,501(c)3,77%,52000000,$8,90000000,0% to 24%,1,1,1,1,1,1,1,1,1,1,1,1,1,1,1,1047003,3
132,Earthworks,A,501(c)3,86%,3300000,$7,4500000,0% to 24%,1,1,1,1,1,1,1,1,1,1,1,1,1,1,0,272267,2
133,Environmental Defense Fund,B+,501(c)3,77%,172000000,$20,144000000,0% to 24%,1,1,1,1,1,1,1,1,1,1,1,1,1,1,0,1624725,3
134,Electronic Frontier Foundation,B+,501(c)3,74%,13000000,$13,13000000,0% to 24%,1,1,1,1,1,1,1,1,1,1,1,1,1,1,1,684730,3
135,Equal Justice Initiative,A+,501(c)3,92%,16000000,$1,37000000,0% to 24%,1,1,1,1,1,1,1,1,1,1,1,1,1,1,1,0,0
136,Elizabeth Glaser Pediatric AIDS Foundation,A+,501(c)3,91%,200000000,$9,38000000,50% to 100%,1,1,1,1,1,1,1,1,1,1,1,1,1,1,0,1239785,3
137,EngenderHealth,A,501(c)3,76%,41000000,$2,14000000,25% to 49%,1,1,1,1,1,1,1,1,1,1,1,1,1,1,0,958410,3
138,Environmental Defense Action Fund,A+,501(c)4,98%,14000000,$2,8500000,0% to 24%,1,1,1,1,1,1,1,1,1,1,1,1,1,1,0,1261331,3
139,Environmental Working Group,A,501(c)3,87%,10000000,$5,14000000,0% to 24%,1,1,1,1,1,1,1,1,1,1,1,1,1,1,1,917178,3
140,Epilepsy Foundation,B+,501(c)3,79%,23000000,$23,14000000,0% to 24%,1,1,1,1,1,1,1,1,1,1,1,1,1,1,0,780392,3
141,Episcopal Relief & Development,A,501(c)3,84%,22000000,$13,20000000,0% to 24%,1,1,1,1,1,1,1,1,1,1,1,1,1,1,1,1067850,3
142,FAIR,A,501(c)3,81%,10000000,$2,33000000,0% to 24%,1,1,1,1,1,1,1,1,1,1,1,1,1,1,1,881583,3
143,Farm Aid,A,501(c)3,83%,2300000,$14,1300000,0% to 24%,1,1,1,1,1,1,1,1,1,1,1,1,1,1,1,0,0
144,Feed My Starving Children,A,501(c)3,86%,47000000,$8,43000000,0% to 24%,1,1,1,1,1,1,1,1,1,1,1,1,1,1,1,658796,3
145,Feeding America,B+,501(c)3,79%,181000000,$26,113000000,0% to 24%,1,1,1,1,1,1,1,1,1,1,1,1,1,1,1,1668992,3
146,FINCA International,A-,501(c)3,97%,303000000,$23,19000000,0% to 24%,1,1,1,1,1,1,1,1,1,1,1,1,1,1,0,1627325,3
147,Firefighters Charitable Foundation,F,501(c)3,8%,7200000,$86,7400000,0% to 24%,0,1,0,0,0,1,1,1,1,1,1,1,1,1,0,127700,1
148,Firefighters Support Foundation (DISSOLVED),F,501(c)3,9%,6800000,$86,6700000,0% to 24%,0,1,0,0,0,1,1,1,1,1,1,1,1,1,0,0,0
149,Firefighters Support Services (DISSOLVED),F,501(c)3,10%,1700000,$83,1600000,0% to 24%,0,0,0,0,0,0,0,0,0,0,1,0,1,1,0,0,0
150,Fisher House Foundation,A+,501(c)3,93%,58000000,$3,44000000,0% to 24%,1,1,1,1,1,1,1,1,1,1,1,1,1,1,1,958168,3
151,Fistula Foundation,A,501(c)3,82%,11000000,$9,10000000,0% to 24%,1,1,1,1,1,1,1,1,1,1,1,1,1,1,1,625788,3
152,Folds of Honor Foundation,A+,501(c)3,90%,25000000,$5,26000000,0% to 24%,0,0,1,1,1,1,1,1,1,1,1,1,1,0,1,883747,3
153,Food and Water Watch,A,501(c)3,81%,17000000,$12,17000000,0% to 24%,1,1,1,1,1,1,1,1,1,1,1,1,1,1,0,696602,3
154,Food Bank For New York City,B+,501(c)3,77%,36000000,$24,16000000,50% to 100%,1,1,1,1,1,1,1,1,1,1,1,1,1,1,1,1191349,3
155,Fortune Society,A-,501(c)3,80%,30000000,$22,4600000,50% to 100%,1,1,1,1,1,1,1,1,1,1,1,1,1,1,0,627933,3
156,Foundation for American Veterans (DISSOLVED),F,501(c)19,11%,11000000,$86,11000000,0% to 24%,0,0,0,0,0,0,1,0,0,0,0,1,1,1,0,254767,2
157,Grameen Foundation USA,B+,501(c)3,67%,10000000,$9,4900000,0% to 24%,1,1,1,1,1,1,1,1,1,1,1,1,1,1,1,649781,3
158,Friends of Animals,A+,501(c)3,94%,4900000,$3,3500000,0% to 24%,1,1,1,1,1,1,1,1,1,1,1,1,1,1,1,479626,3
159,Friends of the Israel Defense Forces,A-,501(c)3,75%,95000000,$11,123000000,0% to 24%,1,1,1,1,1,1,1,1,1,1,1,1,1,1,1,1843401,3
160,Government Accountability Project (GAP),A-,501(c)3,76%,2400000,$10,2900000,0% to 24%,1,1,1,1,1,1,1,1,1,1,1,1,1,1,1,399923,3
161,Gary Sinise Foundation,A,501(c)3,89%,18000000,$4,23000000,0% to 24%,1,1,1,1,1,1,1,1,1,1,1,1,1,1,1,401289,2
162,Global Fund for Women,A-,501(c)3,79%,15000000,$11,20000000,0% to 24%,1,1,1,1,1,1,1,1,1,1,1,1,1,1,1,664802,3
163,Girls Incorporated (National Office),A-,501(c)3,87%,15000000,$18,9500000,0% to 24%,1,1,1,1,1,1,1,1,1,1,1,1,1,1,1,758857,3
164,Give Kids the World,B+,501(c)3,80%,22000000,$30,11000000,0% to 24%,1,1,1,1,1,1,1,1,1,1,1,1,1,1,1,700661,3
165,GiveDirectly,A+,501(c)3,96%,69000000,$4,49000000,0% to 24%,1,1,1,1,1,1,1,1,1,1,1,1,1,1,0,593055,3
166,National 4-H Council,A,501(c)3,87%,42000000,$15,16000000,0% to 24%,1,1,1,1,1,1,1,1,1,1,1,1,1,1,1,1466644,3
167,Global Green USA,B+,501(c)3,74%,2100000,$26,1600000,0% to 24%,1,1,1,1,1,1,1,1,1,1,1,1,1,1,1,244231,2
168,The Hunger Project,A,501(c)3,83%,16000000,$11,9700000,0% to 24%,1,1,1,1,1,1,1,1,1,1,1,1,1,1,1,541594,3
169,Goodwill Industries International (National Office),A,501(c)3,88%,31000000,$5,9300000,25% to 49%,1,1,1,1,1,1,1,1,1,1,1,1,1,1,0,1333130,3
170,Guttmacher Institute,A,501(c)3,81%,25000000,$2,62000000,0% to 24%,1,1,1,1,1,1,1,1,1,1,1,1,1,1,1,994830,3
171,Hadassah,A,501(c)3,87%,808000000,$9,119000000,0% to 24%,1,1,1,1,1,1,1,1,1,1,1,1,1,1,1,1388426,3
172,Help Our Wounded (DISSOLVED),F,501(c)3,14%,2900000,$71,3200000,0% to 24%,0,0,0,0,0,0,1,1,1,1,1,1,1,1,0,0,0
173,Healing Heroes Network (DISSOLVED),F,501(c)3,9%,3000000,$91,2100000,0% to 24%,0,0,0,1,0,1,1,1,1,1,1,0,0,1,0,106163,1
174,HealthRight International,A,501(c)3,76%,4100000,$1,2500000,0% to 24%,1,1,1,1,1,1,1,1,1,1,1,1,1,1,1,102476,1
175,HIAS,A-,501(c)3,75%,45000000,$9,28000000,25% to 49%,1,1,1,1,1,1,1,1,1,1,1,1,1,1,0,831603,3
176,Hispanic Federation,A+,501(c)3,94%,29000000,$4,20000000,0% to 24%,1,1,1,1,1,1,1,1,1,1,1,1,1,1,1,685662,3
177,Hispanic Scholarship Fund,A+,501(c)3,92%,45000000,$1,54000000,0% to 24%,1,1,1,1,1,1,1,1,1,1,1,1,1,1,1,856378,3
178,Homes For Our Troops,A,501(c)3,84%,25000000,$9,23000000,0% to 24%,1,1,1,1,1,1,1,1,1,1,1,1,1,1,1,451584,3
179,Homes for Veterans,F,501(c)3,9%,1100000,$78,1300000,0% to 24%,0,0,0,1,0,0,0,0,0,0,1,0,1,1,0,0,0
180,Hope For The Warriors,A,501(c)3,84%,7100000,$11,7400000,0% to 24%,1,1,1,1,1,1,1,1,1,1,1,1,1,1,1,461493,3
181,Human Rights First,A,501(c)3,82%,12000000,$14,7000000,0% to 24%,1,1,1,1,1,1,1,1,1,1,1,1,1,1,1,697559,3
182,Humane Farming Association,A-,501(c)3,82%,3200000,$18,2900000,0% to 24%,1,1,1,1,1,1,1,1,1,1,1,1,1,1,1,0,0
183,Humane League,B+,501(c)3,73%,9200000,$12,10000000,0% to 24%,1,1,1,1,1,1,1,1,1,1,1,1,1,1,0,100290,1
184,Thousand Currents,A,501(c)3,81%,5600000,$12,6600000,0% to 24%,1,1,1,1,1,1,1,1,1,1,1,1,1,1,1,275833,2
185,K9s For Warriors,A-,501(c)3,74%,5500000,$8,11000000,0% to 24%,1,1,1,1,1,1,1,1,1,1,1,1,1,1,0,518623,3
186,Interfaith Alliance Foundation,B+,501(c)3,69%,900000,$12,1000000,0% to 24%,1,1,1,1,1,1,1,1,1,1,1,1,1,1,0,194201,1
187,International Medical Corps,A,501(c)3,85%,135000000,$12,14000000,50% to 100%,1,1,1,1,1,1,1,1,1,1,1,1,1,1,1,1206465,3
188,International Peace Institute,A,501(c)3,84%,9600000,$11,8200000,0% to 24%,1,1,1,1,1,1,1,1,1,1,1,1,1,1,1,912531,3
189,International Planned Parenthood Federation-Western Hemisphere Region (IPPFWHR),A,501(c)3,89%,35000000,$12,27000000,0% to 24%,1,1,1,1,1,1,1,1,1,1,1,1,1,1,0,936280,3
190,International Rescue Committee,A,501(c)3,89%,706000000,$10,283000000,25% to 49%,1,1,1,1,1,1,1,1,1,1,1,1,1,1,1,1660880,3
191,Izaak Walton League of America (National Office),B+,501(c)3,71%,2400000,$9,2100000,0% to 24%,1,1,1,1,1,1,1,1,1,1,1,1,1,1,1,164211,1
192,Junior Achievement USA (National Office),A-,501(c)3,76%,23000000,$11,15000000,0% to 24%,1,1,1,1,1,1,1,1,1,1,1,1,1,1,1,1328982,3
193,JDRF International,A-,501(c)3,75%,212000000,$16,196000000,0% to 24%,1,1,1,1,1,1,1,1,1,1,1,1,1,1,0,1951459,3
194,Keep America Beautiful (National Office),A,501(c)3,81%,8300000,$15,6900000,0% to 24%,1,1,1,1,1,1,1,1,1,1,1,1,1,1,1,714713,3
195,National Emergency Medicine Association (DISSOLVED),F,501(c)3,0%,1500000,$94,1400000,0% to 24%,0,0,0,1,0,1,1,0,1,1,1,1,1,1,0,152770,1
196,Kids Wish Network,F,501(c)3,8%,12000000,$85,12000000,0% to 24%,0,1,0,0,0,1,1,1,1,1,1,1,1,1,0,178855,1
197,LatinoJustice PRLDEF,A,501(c)3,80%,4500000,$6,6500000,0% to 24%,1,1,1,1,1,1,1,1,1,1,1,1,1,1,1,578923,3
198,Law Enforcement Action Network (DISSOLVED),F,501(c)4,31%,2100000,$82,1700000,0% to 24%,0,1,0,0,0,1,1,1,1,1,1,1,1,1,0,394580,2
199,Law Enforcement Education Program,F,501(c)3,4%,2300000,$85,2300000,0% to 24%,0,0,0,0,0,1,1,1,1,0,1,1,1,1,0,0,0
200,Legal Momentum,A-,501(c)3,77%,2000000,$18,1000000,0% to 24%,1,1,1,1,1,1,1,1,1,1,1,1,1,1,0,551473,3
201,National Women's Law Center,A,501(c)3,84%,20000000,$8,19000000,0% to 24%,1,1,1,1,1,1,1,1,1,1,1,1,1,1,1,1027256,3
202,Leukemia & Lymphoma Society,A-,501(c)3,77%,317000000,$14,315000000,0% to 24%,1,1,1,1,1,1,1,1,1,1,1,1,1,1,1,1490559,3
203,Lutheran World Relief,A,501(c)3,80%,38000000,$14,31000000,0% to 24%,1,1,1,1,1,1,1,1,1,1,1,1,1,1,1,696504,3
204,MAP International,B+,501(c)3,76%,10000000,$21,8900000,0% to 24%,1,1,1,1,1,1,1,1,1,1,1,1,1,1,1,360936,2
205,Marine Mammal Center,A-,501(c)3,77%,14000000,$15,14000000,0% to 24%,1,1,1,1,1,1,1,1,1,1,1,1,1,1,1,570941,3
206,Marine Toys for Tots Foundation,B+,501(c)3,78%,56000000,$20,57000000,0% to 24%,1,1,1,1,1,1,1,1,1,1,1,1,1,1,1,699725,3
207,MAZON: A Jewish Response to Hunger,A,501(c)3,83%,6800000,$8,8900000,0% to 24%,1,1,1,1,1,1,1,1,1,1,1,1,1,1,1,514889,3
208,Medical Teams International,A-,501(c)3,78%,28000000,$17,24000000,0% to 24%,1,1,1,1,1,1,1,1,1,1,1,1,1,1,1,636406,3
209,Memorial Sloan Kettering Cancer Center,B+,501(c)3,98%,5244000000,$31,263000000,0% to 24%,1,1,1,1,1,1,1,1,1,1,1,1,1,1,1,10952002,3
210,Mennonite Central Committee U.S.,A-,501(c)3,79%,31000000,$8,33000000,0% to 24%,1,1,1,1,1,1,1,1,1,1,1,1,1,1,1,0,0
211,Mental Health America (MHA),A-,501(c)3,79%,3900000,$11,3500000,0% to 24%,1,1,1,1,1,1,1,1,1,1,1,1,1,1,1,468978,3
212,Mercy Corps,A,501(c)3,85%,469000000,$7,268000000,25% to 49%,1,1,1,1,1,1,1,1,1,1,1,1,1,1,1,1078055,3
213,Michael J. Fox Foundation for Parkinson's Research,A,501(c)3,86%,126000000,$11,122000000,0% to 24%,1,1,1,1,1,1,1,1,1,1,1,1,1,1,1,1985697,3
214,MiracleFeet,A-,501(c)3,75%,3400000,$16,3400000,0% to 24%,1,1,1,1,1,1,1,1,1,1,1,1,1,1,1,261554,2
215,Morris Animal Foundation,B+,501(c)3,72%,10000000,$16,12000000,0% to 24%,1,1,1,1,1,1,1,1,1,1,1,1,1,1,1,598894,3
216,Multiple Myeloma Research Foundation,A+,501(c)3,91%,31000000,$6,40000000,0% to 24%,1,1,1,1,1,1,1,1,1,1,1,1,1,1,1,1215781,3
217,Simon Wiesenthal Center,B+,501(c)3,74%,26000000,$20,19000000,0% to 24%,1,1,1,1,1,1,1,1,1,1,1,1,1,1,1,1958416,3
218,NAMI,A-,501(c)3,79%,14000000,$16,13000000,0% to 24%,1,1,1,1,1,1,1,1,1,1,1,1,1,1,1,605116,3
219,NARAL Pro-Choice America (National Office),C-,501(c)4,55%,14000000,$34,14000000,0% to 24%,0,1,0,1,0,1,1,1,1,1,1,1,1,1,1,782716,3
220,NARAL Pro-Choice America Foundation (National Office),A,501(c)3,85%,12000000,$15,8500000,0% to 24%,0,1,0,1,0,1,1,1,1,1,1,1,1,1,1,782716,3
221,National Alliance to End Homelessness,A+,501(c)3,90%,4200000,$4,2600000,0% to 24%,1,1,1,1,1,1,1,1,1,1,1,1,1,1,1,615660,3
222,National Jewish Health,B+,501(c)3,88%,284000000,$27,34000000,0% to 24%,1,1,1,1,1,1,1,1,1,1,1,1,1,1,1,3059696,3
223,National Audubon Society,B+,501(c)3,76%,103000000,$24,83000000,0% to 24%,1,1,1,1,1,1,1,1,1,1,1,1,1,1,1,1259240,3
224,National Children's Leukemia Foundation (DISSOLVED),F,501(c)3,36%,900000,$76,600000,0% to 24%,0,0,0,0,0,1,1,1,1,0,1,1,1,1,0,103908,1
225,National Committee to Preserve Social Security & Medicare,D,501(c)4,40%,16000000,$49,15000000,0% to 24%,0,1,0,0,0,1,1,1,1,1,1,1,1,1,0,958216,3
226,The Y (National Office),A,501(c)3,87%,108000000,$6,38000000,0% to 24%,1,1,1,1,1,1,1,1,1,1,1,1,1,1,1,1776070,3
227,National Council on Aging,A+,501(c)3,95%,59000000,$4,12000000,50% to 100%,1,1,1,1,1,1,1,1,1,1,1,1,1,1,1,992676,3
228,National Forest Foundation,A,501(c)3,84%,13000000,$14,8400000,0% to 24%,1,1,1,1,1,1,1,1,1,1,1,1,1,1,1,945211,3
229,National Hemophilia Foundation (National Office),A-,501(c)3,76%,20000000,$7,15000000,0% to 24%,1,1,1,1,1,1,1,1,1,1,1,1,1,1,0,911926,3
230,United Methodist Committee on Relief (UMCOR),A+,501(c)3,98%,96000000,$3,23000000,0% to 24%,1,1,1,1,1,1,1,1,1,1,1,1,1,1,0,248175,2
231,National Kidney Foundation,A-,501(c)3,80%,38000000,$19,24000000,0% to 24%,1,1,1,1,1,1,1,1,1,1,1,1,1,1,1,942617,3
232,National Military Family Association,A,501(c)3,82%,4400000,$15,4200000,0% to 24%,1,1,1,1,1,1,1,1,1,1,1,1,1,1,1,212794,2
233,National Park Trust,A,501(c)3,86%,2200000,$10,1300000,0% to 24%,1,1,1,1,1,1,1,1,1,1,1,1,1,1,1,116550,1
234,Parkinson's Foundation,A,501(c)3,81%,38000000,$13,40000000,0% to 24%,1,1,1,1,1,1,1,1,1,1,1,1,1,1,1,968669,3
235,National Psoriasis Foundation,A-,501(c)3,78%,13000000,$16,13000000,0% to 24%,1,1,1,1,1,1,1,1,1,1,1,1,1,1,1,711988,3
236,Prevent Blindness,B+,501(c)3,78%,9700000,$20,5500000,25% to 49%,1,1,1,1,1,1,1,1,1,1,1,1,1,1,1,579275,3
237,National Urban League (National Office),A-,501(c)3,79%,57000000,$19,19000000,25% to 49%,1,1,1,1,1,1,1,1,1,1,1,1,1,1,1,1943123,3
238,National Wildlife Federation,A,501(c)3,88%,73000000,$6,71000000,0% to 24%,1,1,1,1,1,1,1,1,1,1,1,1,1,1,1,818945,3
239,Natural Resources Defense Council (NRDC),A-,501(c)3,79%,171000000,$11,173000000,0% to 24%,1,1,1,1,1,1,1,1,1,1,1,1,1,1,0,1335431,3
240,Nature Conservancy,A-,501(c)3,75%,1087000000,$15,817000000,0% to 24%,1,1,1,1,1,1,1,1,1,1,1,1,1,1,1,2302007,3
241,Navy-Marine Corps Relief Society,A,501(c)3,86%,27000000,$9,19000000,0% to 24%,1,1,1,1,1,1,1,1,1,1,1,1,1,1,1,782214,3
242,New Israel Fund,A-,501(c)3,77%,30000000,$12,29000000,0% to 24%,1,1,1,1,1,1,1,1,1,1,1,1,1,1,1,863853,3
243,Oceana,A-,,73%,38000000,$7,51000000,0% to 24%,1,1,1,1,1,1,1,1,1,1,1,1,1,1,1,1109251,3
244,Ovarian Cancer Research Alliance,A,501(c)3,81%,11000000,$12,9100000,0% to 24%,1,1,1,1,1,1,1,1,1,1,1,1,1,1,1,613022,3
245,One Acre Fund,A,501(c)3,89%,64000000,$7,48000000,0% to 24%,1,1,1,1,1,1,1,1,1,1,1,1,1,1,1,662792,3
246,Operation USA,A,501(c)3,80%,1600000,$3,2900000,0% to 24%,1,1,1,1,1,1,1,1,1,1,1,1,1,1,1,167215,1
247,Samaritan's Purse,A-,501(c)3,79%,379000000,$10,512000000,0% to 24%,1,1,1,1,1,1,1,1,1,1,1,1,1,1,0,1311854,3
248,Opportunity International,A-,501(c)3,88%,48000000,$22,17000000,0% to 24%,1,1,1,1,1,1,1,1,1,1,1,1,1,1,1,956585,3
249,Oxfam-America,B+,501(c)3,74%,84000000,$22,70000000,0% to 24%,1,1,1,1,1,1,1,1,1,1,1,1,1,1,1,1013408,3
250,PAI,A,501(c)3,80%,9900000,$6,13000000,0% to 24%,1,1,1,1,1,1,1,1,1,1,1,1,1,1,0,736010,3
251,Pancreatic Cancer Action Network,A-,501(c)3,78%,33000000,$6,51000000,0% to 24%,1,1,1,1,1,1,1,1,1,1,1,1,1,1,1,1288134,3
252,Partners In Health,A,501(c)3,88%,133000000,$5,122000000,0% to 24%,1,1,1,1,1,1,1,1,1,1,1,1,1,1,1,686500,3
253,Partnership for a Healthier America,A,501(c)3,80%,6500000,$13,2100000,0% to 24%,1,1,1,1,1,1,1,1,1,1,1,1,1,1,0,673003,3
254,Pathfinder International,A+,501(c)3,90%,146000000,$4,36000000,50% to 100%,1,1,1,1,1,1,1,1,1,1,1,1,1,1,1,1169082,3
255,Prevent Child Abuse America (National Office),A+,501(c)3,90%,4600000,$6,4100000,0% to 24%,1,1,1,1,1,1,1,1,1,1,1,1,1,1,1,275349,1
256,Project Concern International (PCI),B+,501(c)3,87%,55000000,$28,7700000,50% to 100%,1,1,1,1,1,1,1,1,1,1,1,1,1,1,1,772336,3
257,PCI-Media Impact,A,501(c)3,84%,4700000,$4,5000000,0% to 24%,1,1,1,1,1,1,1,1,1,1,1,1,1,1,1,375648,2
258,Pearl S. Buck International,A,501(c)3,88%,2400000,$8,2100000,0% to 24%,1,1,1,1,1,1,1,1,1,1,1,1,1,1,1,282272,2
259,Project HOPE,B+,501(c)3,77%,56000000,$27,28000000,25% to 49%,1,1,1,1,1,1,1,1,1,1,1,1,1,1,0,1169508,3
260,PetSmart Charities,A+,501(c)3,95%,54000000,$3,47000000,0% to 24%,1,1,1,1,1,1,1,1,1,1,1,1,1,1,1,1025072,3
261,Physicians for Social Responsibility (National Office),A-,501(c)3,78%,1400000,$16,1300000,0% to 24%,1,1,1,1,1,1,1,1,1,1,1,1,1,1,0,249486,2
262,PKD Foundation,B+,501(c)3,69%,7600000,$11,13000000,0% to 24%,1,1,1,1,1,1,1,1,1,1,1,1,1,1,1,623544,3
263,Planned Parenthood Federation of America,B,501(c)3,70%,340000000,$23,269000000,0% to 24%,0,1,0,1,0,1,1,1,1,1,1,1,1,1,0,2936760,3
264,Ploughshares Fund,A-,501(c)3,81%,9400000,$18,5900000,0% to 24%,1,1,1,1,1,1,1,1,1,1,1,1,1,1,1,731965,3
265,Project on Government Oversight (POGO),A-,501(c)3,78%,3800000,$9,6400000,0% to 24%,1,1,1,1,1,1,1,1,1,1,1,1,1,1,0,483243,3
266,Population Connection,A,501(c)3,82%,12000000,$12,15000000,0% to 24%,1,1,1,1,1,1,1,1,1,1,1,1,1,1,1,663876,3
267,Population Council,A,501(c)3,84%,82000000,$2,37000000,25% to 49%,1,1,1,1,1,1,1,1,1,1,1,1,1,1,0,1222825,3
268,Population Services International,A+,501(c)3,92%,492000000,$1,304000000,25% to 49%,1,1,1,1,1,1,1,1,1,1,1,1,1,1,0,1221007,3
269,ProLiteracy Worldwide,B+,501(c)3,79%,10000000,$27,1900000,0% to 24%,1,1,1,1,1,1,1,1,1,1,1,1,1,1,1,461070,2
270,Prostate Cancer Foundation,A-,501(c)3,79%,45000000,$13,44000000,0% to 24%,1,1,1,1,1,1,1,1,1,1,1,1,1,1,1,2122968,3
271,Public Citizen Foundation,A-,501(c)3,79%,13000000,$16,11000000,0% to 24%,1,1,1,1,1,1,1,1,1,1,1,1,1,1,0,582218,3
272,Rainforest Action Network,A-,501(c)3,76%,6800000,$18,7600000,0% to 24%,1,1,1,1,1,1,1,1,1,1,1,1,1,1,0,497275,3
273,Rainforest Alliance,B+,501(c)3,79%,40000000,$25,15000000,0% to 24%,1,1,1,1,1,1,1,1,1,1,1,1,1,1,1,929655,3
274,"Rape, Abuse & Incest National Network (RAINN)",A,501(c)3,88%,9200000,$14,6300000,25% to 49%,1,1,1,1,1,1,1,1,1,1,1,1,1,1,0,726323,3
275,"Reach Out and Read, Inc.",B+,501(c)3,74%,10000000,$24,6000000,25% to 49%,1,1,1,1,1,1,1,1,1,1,1,1,1,1,1,599570,3
276,Rocky Mountain Elk Foundation,A-,501(c)3,84%,60000000,$16,38000000,0% to 24%,1,1,1,1,1,1,1,1,1,1,1,1,1,1,0,637744,3
277,Ronald McDonald House Charities (National Office),A,501(c)3,88%,50000000,$9,51000000,0% to 24%,1,1,1,1,1,1,1,1,1,1,1,1,1,1,1,0,0
278,Rotary Foundation of Rotary International,A+,501(c)3,91%,268000000,$7,303000000,0% to 24%,1,1,1,1,1,1,1,1,1,1,1,1,1,1,1,1063432,3
279,Salk Institute for Biological Studies,A,501(c)3,84%,137000000,$6,94000000,25% to 49%,1,1,1,1,1,1,1,1,1,1,1,1,1,1,1,1952146,3
280,Save the Children,A-,501(c)3,86%,652000000,$16,354000000,25% to 49%,1,1,1,1,1,1,1,1,1,1,1,1,1,1,1,1342026,3
281,Save the Redwoods League,B+,501(c)3,74%,31000000,$24,21000000,0% to 24%,1,1,1,1,1,1,1,1,1,1,1,1,1,1,1,800908,3
282,Sierra Club Foundation,A,501(c)3,86%,93000000,$10,115000000,0% to 24%,1,1,1,1,1,1,1,1,1,1,1,1,1,1,1,604947,3
283,Southern Poverty Law Center,F,501(c)3,64%,74000000,$15,111000000,0% to 24%,0,1,1,1,1,1,1,1,1,1,1,1,1,1,0,1109238,3
284,Starlight Children's Foundation (National Office),A,501(c)3,81%,8500000,$7,11000000,0% to 24%,1,1,1,1,1,1,1,1,1,1,1,1,1,1,1,739259,3
285,Stephen Siller Tunnel to Towers Foundation,A+,501(c)3,93%,33000000,$4,36000000,0% to 24%,1,1,1,1,1,1,1,1,1,1,1,1,1,1,1,0,0
286,Sunshine Foundation (National Office),A,501(c)3,80%,1000000,$11,1100000,0% to 24%,1,1,1,1,1,1,1,1,1,1,1,1,1,1,1,0,0
287,Tragedy Assistance Program for Survivors (TAPS),A,501(c)3,88%,14000000,$6,12000000,0% to 24%,1,1,1,1,1,1,1,1,1,1,1,1,1,1,1,381052,3
288,Team Rubicon,A,501(c)3,83%,32000000,$8,35000000,0% to 24%,1,1,1,1,1,1,1,1,1,1,1,1,1,1,1,788281,3
289,TechnoServe,A,501(c)3,82%,72000000,$3,60000000,0% to 24%,1,1,1,1,1,1,1,1,1,1,1,1,1,1,1,1135396,3
290,Trevor Project,A,501(c)3,84%,13000000,$6,20000000,0% to 24%,1,1,1,1,1,1,1,1,1,1,1,1,1,1,1,608863,3
291,Trout Unlimited (National Office),A-,501(c)3,86%,46000000,$17,23000000,25% to 49%,1,1,1,1,1,1,1,1,1,1,1,1,1,1,0,782721,3
292,United States Fund for UNICEF,A,501(c)3,84%,366000000,$12,360000000,0% to 24%,1,1,1,1,1,1,1,1,1,1,1,1,1,1,1,1539772,3
293,Union of Concerned Scientists,A-,501(c)3,77%,32000000,$17,36000000,0% to 24%,1,1,1,1,1,1,1,1,1,1,1,1,1,1,0,882926,3
294,Unitarian Universalist Service Committee (UUSC),A-,501(c)3,75%,8800000,$14,8700000,0% to 24%,1,1,1,1,1,1,1,1,1,1,1,1,1,1,0,670490,3
295,United Breast Cancer Foundation,F,501(c)3,18%,15000000,$81,14000000,0% to 24%,0,0,0,0,0,1,1,1,1,1,1,0,1,1,1,349000,1
296,United States Armed Forces Association,D,501(c)3,45%,2600000,$54,2100000,0% to 24%,0,1,0,1,0,1,1,1,1,1,1,1,1,1,0,0,0
297,VietNow National Headquarters (DISSOLVED),F,501(c)19,4%,1900000,$88,1900000,0% to 24%,0,0,0,0,0,1,1,1,1,0,1,1,1,1,0,0,0
298,Water.org,B+,501(c)3,73%,28000000,$12,24000000,0% to 24%,1,1,1,1,1,1,1,1,1,1,1,1,1,1,0,1044284,3
299,Waterkeeper Alliance,A+,501(c)3,91%,17000000,$7,15000000,0% to 24%,1,1,1,1,1,1,1,1,1,1,1,1,1,1,1,706442,3
300,WildAid,A,501(c)3,86%,9600000,$4,11000000,0% to 24%,1,1,1,1,1,1,1,1,1,1,1,1,1,1,1,702161,3
301,The Wilderness Society,B+,501(c)3,73%,33000000,$19,41000000,0% to 24%,1,1,1,1,1,1,1,1,1,1,1,1,1,1,1,815482,3
302,Wildlife Conservation Society,A,501(c)3,84%,262000000,$14,74000000,25% to 49%,1,1,1,1,1,1,1,1,1,1,1,1,1,1,0,2612660,3
303,Woman to Woman Breast Cancer Foundation (DISSOLVED),F,501(c)3,5%,5200000,$91,4900000,0% to 24%,0,0,0,0,0,1,1,1,1,1,1,1,1,1,0,0,0
304,World Neighbors,A,501(c)3,83%,3000000,$9,4000000,0% to 24%,1,1,1,1,1,1,1,1,1,1,1,1,1,1,1,333773,2
305,World Resources Institute,A+,501(c)3,91%,109000000,$2,134000000,0% to 24%,1,1,1,1,1,1,1,1,1,1,1,1,1,1,1,1055823,3
306,World Vision,A-,501(c)3,81%,780000000,$16,551000000,25% to 49%,1,1,1,1,1,1,1,1,1,1,1,1,1,1,1,1268814,3
307,Wounded Warriors Family Support,A,501(c)3,87%,3500000,$6,4500000,0% to 24%,1,1,1,1,1,1,1,1,1,1,1,1,1,1,1,110000,1
